20.9,"[20.9, 25.0[","[20.9, 30.0[","[20.9, 40.0[","[20.9, 49.52["
21.46,"[20.9, 25.0[","[20.9, 30.0[","[20.9, 40.0[","[20.9, 49.52["
21.52,"[20.9, 25.0[","[20.9, 30.0[","[20.9, 40.0[","[20.9, 49.52["
21.58,"[20.9, 25.0[","[20.9, 30.0[","[20.9, 40.0[","[20.9, 49.52["
21.78,"[20.9, 25.0[","[20.9, 30.0[","[20.9, 40.0[","[20.9, 49.52["
21.85,"[20.9, 25.0[","[20.9, 30.0[","[20.9, 40.0[","[20.9, 49.52["
21.9,"[20.9, 25.0[","[20.9, 30.0[","[20.9, 40.0[","[20.9, 49.52["
22.02,"[20.9, 25.0[","[20.9, 30.0[","[20.9, 40.0[","[20.9, 49.52["
22.06,"[20.9, 25.0[","[20.9, 30.0[","[20.9, 40.0[","[20.9, 49.52["
22.11,"[20.9, 25.0[","[20.9, 30.0[","[20.9, 40.0[","[20.9, 49.52["
22.14,"[20.9, 25.0[","[20.9, 30.0[","[20.9, 40.0[","[20.9, 49.52["
22.27,"[20.9, 25.0[","[20.9, 30.0[","[20.9, 40.0[","[20.9, 49.52["
22.3,"[20.9, 25.0[","[20.9, 30.0[","[20.9, 40.0[","[20.9, 49.52["
22.31,"[20.9, 25.0[","[20.9, 30.0[","[20.9, 40.0[","[20.9, 49.52["
22.34,"[20.9, 25.0[","[20.9, 30.0[","[20.9, 40.0[","[20.9, 49.52["
22.38,"[20.9, 25.0[","[20.9, 30.0[","[20.9, 40.0[","[20.9, 49.52["
22.39,"[20.9, 25.0[","[20.9, 30.0[","[20.9, 40.0[","[20.9, 49.52["
22.41,"[20.9, 25.0[","[20.9, 30.0[","[20.9, 40.0[","[20.9, 49.52["
22.42,"[20.9, 25.0[","[20.9, 30.0[","[20.9, 40.0[","[20.9, 49.52["
22.43,"[20.9, 25.0[","[20.9, 30.0[","[20.9, 40.0[","[20.9, 49.52["
22.44,"[20.9, 25.0[","[20.9, 30.0[","[20.9, 40.0[","[20.9, 49.52["
22.52,"[20.9, 25.0[","[20.9, 30.0[","[20.9, 40.0[","[20.9, 49.52["
22.53,"[20.9, 25.0[","[20.9, 30.0[","[20.9, 40.0[","[20.9, 49.52["
22.55,"[20.9, 25.0[","[20.9, 30.0[","[20.9, 40.0[","[20.9, 49.52["
22.59,"[20.9, 25.0[","[20.9, 30.0[","[20.9, 40.0[","[20.9, 49.52["
22.61,"[20.9, 25.0[","[20.9, 30.0[","[20.9, 40.0[","[20.9, 49.52["
22.64,"[20.9, 25.0[","[20.9, 30.0[","[20.9, 40.0[","[20.9, 49.52["
22.68,"[20.9, 25.0[","[20.9, 30.0[","[20.9, 40.0[","[20.9, 49.52["
22.7,"[20.9, 25.0[","[20.9, 30.0[","[20.9, 40.0[","[20.9, 49.52["
22.73,"[20.9, 25.0[","[20.9, 30.0[","[20.9, 40.0[","[20.9, 49.52["
22.78,"[20.9, 25.0[","[20.9, 30.0[","[20.9, 40.0[","[20.9, 49.52["
22.81,"[20.9, 25.0[","[20.9, 30.0[","[20.9, 40.0[","[20.9, 49.52["
22.85,"[20.9, 25.0[","[20.9, 30.0[","[20.9, 40.0[","[20.9, 49.52["
22.86,"[20.9, 25.0[","[20.9, 30.0[","[20.9, 40.0[","[20.9, 49.52["
22.89,"[20.9, 25.0[","[20.9, 30.0[","[20.9, 40.0[","[20.9, 49.52["
22.99,"[20.9, 25.0[","[20.9, 30.0[","[20.9, 40.0[","[20.9, 49.52["
23.01,"[20.9, 25.0[","[20.9, 30.0[","[20.9, 40.0[","[20.9, 49.52["
23.03,"[20.9, 25.0[","[20.9, 30.0[","[20.9, 40.0[","[20.9, 49.52["
23.06,"[20.9, 25.0[","[20.9, 30.0[","[20.9, 40.0[","[20.9, 49.52["
23.08,"[20.9, 25.0[","[20.9, 30.0[","[20.9, 40.0[","[20.9, 49.52["
23.1,"[20.9, 25.0[","[20.9, 30.0[","[20.9, 40.0[","[20.9, 49.52["
23.13,"[20.9, 25.0[","[20.9, 30.0[","[20.9, 40.0[","[20.9, 49.52["
23.14,"[20.9, 25.0[","[20.9, 30.0[","[20.9, 40.0[","[20.9, 49.52["
23.15,"[20.9, 25.0[","[20.9, 30.0[","[20.9, 40.0[","[20.9, 49.52["
23.18,"[20.9, 25.0[","[20.9, 30.0[","[20.9, 40.0[","[20.9, 49.52["
23.19,"[20.9, 25.0[","[20.9, 30.0[","[20.9, 40.0[","[20.9, 49.52["
23.23,"[20.9, 25.0[","[20.9, 30.0[","[20.9, 40.0[","[20.9, 49.52["
23.26,"[20.9, 25.0[","[20.9, 30.0[","[20.9, 40.0[","[20.9, 49.52["
23.27,"[20.9, 25.0[","[20.9, 30.0[","[20.9, 40.0[","[20.9, 49.52["
23.29,"[20.9, 25.0[","[20.9, 30.0[","[20.9, 40.0[","[20.9, 49.52["
23.32,"[20.9, 25.0[","[20.9, 30.0[","[20.9, 40.0[","[20.9, 49.52["
23.34,"[20.9, 25.0[","[20.9, 30.0[","[20.9, 40.0[","[20.9, 49.52["
23.35,"[20.9, 25.0[","[20.9, 30.0[","[20.9, 40.0[","[20.9, 49.52["
23.36,"[20.9, 25.0[","[20.9, 30.0[","[20.9, 40.0[","[20.9, 49.52["
23.44,"[20.9, 25.0[","[20.9, 30.0[","[20.9, 40.0[","[20.9, 49.52["
23.45,"[20.9, 25.0[","[20.9, 30.0[","[20.9, 40.0[","[20.9, 49.52["
23.46,"[20.9, 25.0[","[20.9, 30.0[","[20.9, 40.0[","[20.9, 49.52["
23.47,"[20.9, 25.0[","[20.9, 30.0[","[20.9, 40.0[","[20.9, 49.52["
23.49,"[20.9, 25.0[","[20.9, 30.0[","[20.9, 40.0[","[20.9, 49.52["
23.52,"[20.9, 25.0[","[20.9, 30.0[","[20.9, 40.0[","[20.9, 49.52["
23.54,"[20.9, 25.0[","[20.9, 30.0[","[20.9, 40.0[","[20.9, 49.52["
23.58,"[20.9, 25.0[","[20.9, 30.0[","[20.9, 40.0[","[20.9, 49.52["
23.62,"[20.9, 25.0[","[20.9, 30.0[","[20.9, 40.0[","[20.9, 49.52["
23.64,"[20.9, 25.0[","[20.9, 30.0[","[20.9, 40.0[","[20.9, 49.52["
23.65,"[20.9, 25.0[","[20.9, 30.0[","[20.9, 40.0[","[20.9, 49.52["
23.66,"[20.9, 25.0[","[20.9, 30.0[","[20.9, 40.0[","[20.9, 49.52["
23.7,"[20.9, 25.0[","[20.9, 30.0[","[20.9, 40.0[","[20.9, 49.52["
23.72,"[20.9, 25.0[","[20.9, 30.0[","[20.9, 40.0[","[20.9, 49.52["
23.73,"[20.9, 25.0[","[20.9, 30.0[","[20.9, 40.0[","[20.9, 49.52["
23.74,"[20.9, 25.0[","[20.9, 30.0[","[20.9, 40.0[","[20.9, 49.52["
23.75,"[20.9, 25.0[","[20.9, 30.0[","[20.9, 40.0[","[20.9, 49.52["
23.76,"[20.9, 25.0[","[20.9, 30.0[","[20.9, 40.0[","[20.9, 49.52["
23.79,"[20.9, 25.0[","[20.9, 30.0[","[20.9, 40.0[","[20.9, 49.52["
23.85,"[20.9, 25.0[","[20.9, 30.0[","[20.9, 40.0[","[20.9, 49.52["
23.87,"[20.9, 25.0[","[20.9, 30.0[","[20.9, 40.0[","[20.9, 49.52["
23.88,"[20.9, 25.0[","[20.9, 30.0[","[20.9, 40.0[","[20.9, 49.52["
23.9,"[20.9, 25.0[","[20.9, 30.0[","[20.9, 40.0[","[20.9, 49.52["
23.92,"[20.9, 25.0[","[20.9, 30.0[","[20.9, 40.0[","[20.9, 49.52["
23.94,"[20.9, 25.0[","[20.9, 30.0[","[20.9, 40.0[","[20.9, 49.52["
23.96,"[20.9, 25.0[","[20.9, 30.0[","[20.9, 40.0[","[20.9, 49.52["
23.98,"[20.9, 25.0[","[20.9, 30.0[","[20.9, 40.0[","[20.9, 49.52["
24,"[20.9, 25.0[","[20.9, 30.0[","[20.9, 40.0[","[20.9, 49.52["
24.01,"[20.9, 25.0[","[20.9, 30.0[","[20.9, 40.0[","[20.9, 49.52["
24.02,"[20.9, 25.0[","[20.9, 30.0[","[20.9, 40.0[","[20.9, 49.52["
24.04,"[20.9, 25.0[","[20.9, 30.0[","[20.9, 40.0[","[20.9, 49.52["
24.06,"[20.9, 25.0[","[20.9, 30.0[","[20.9, 40.0[","[20.9, 49.52["
24.07,"[20.9, 25.0[","[20.9, 30.0[","[20.9, 40.0[","[20.9, 49.52["
24.08,"[20.9, 25.0[","[20.9, 30.0[","[20.9, 40.0[","[20.9, 49.52["
24.09,"[20.9, 25.0[","[20.9, 30.0[","[20.9, 40.0[","[20.9, 49.52["
24.11,"[20.9, 25.0[","[20.9, 30.0[","[20.9, 40.0[","[20.9, 49.52["
24.13,"[20.9, 25.0[","[20.9, 30.0[","[20.9, 40.0[","[20.9, 49.52["
24.14,"[20.9, 25.0[","[20.9, 30.0[","[20.9, 40.0[","[20.9, 49.52["
24.15,"[20.9, 25.0[","[20.9, 30.0[","[20.9, 40.0[","[20.9, 49.52["
24.16,"[20.9, 25.0[","[20.9, 30.0[","[20.9, 40.0[","[20.9, 49.52["
24.17,"[20.9, 25.0[","[20.9, 30.0[","[20.9, 40.0[","[20.9, 49.52["
24.18,"[20.9, 25.0[","[20.9, 30.0[","[20.9, 40.0[","[20.9, 49.52["
24.19,"[20.9, 25.0[","[20.9, 30.0[","[20.9, 40.0[","[20.9, 49.52["
24.2,"[20.9, 25.0[","[20.9, 30.0[","[20.9, 40.0[","[20.9, 49.52["
24.21,"[20.9, 25.0[","[20.9, 30.0[","[20.9, 40.0[","[20.9, 49.52["
24.24,"[20.9, 25.0[","[20.9, 30.0[","[20.9, 40.0[","[20.9, 49.52["
24.25,"[20.9, 25.0[","[20.9, 30.0[","[20.9, 40.0[","[20.9, 49.52["
24.28,"[20.9, 25.0[","[20.9, 30.0[","[20.9, 40.0[","[20.9, 49.52["
24.32,"[20.9, 25.0[","[20.9, 30.0[","[20.9, 40.0[","[20.9, 49.52["
24.33,"[20.9, 25.0[","[20.9, 30.0[","[20.9, 40.0[","[20.9, 49.52["
24.34,"[20.9, 25.0[","[20.9, 30.0[","[20.9, 40.0[","[20.9, 49.52["
24.35,"[20.9, 25.0[","[20.9, 30.0[","[20.9, 40.0[","[20.9, 49.52["
24.36,"[20.9, 25.0[","[20.9, 30.0[","[20.9, 40.0[","[20.9, 49.52["
24.38,"[20.9, 25.0[","[20.9, 30.0[","[20.9, 40.0[","[20.9, 49.52["
24.41,"[20.9, 25.0[","[20.9, 30.0[","[20.9, 40.0[","[20.9, 49.52["
24.42,"[20.9, 25.0[","[20.9, 30.0[","[20.9, 40.0[","[20.9, 49.52["
24.43,"[20.9, 25.0[","[20.9, 30.0[","[20.9, 40.0[","[20.9, 49.52["
24.45,"[20.9, 25.0[","[20.9, 30.0[","[20.9, 40.0[","[20.9, 49.52["
24.46,"[20.9, 25.0[","[20.9, 30.0[","[20.9, 40.0[","[20.9, 49.52["
24.47,"[20.9, 25.0[","[20.9, 30.0[","[20.9, 40.0[","[20.9, 49.52["
24.49,"[20.9, 25.0[","[20.9, 30.0[","[20.9, 40.0[","[20.9, 49.52["
24.5,"[20.9, 25.0[","[20.9, 30.0[","[20.9, 40.0[","[20.9, 49.52["
24.51,"[20.9, 25.0[","[20.9, 30.0[","[20.9, 40.0[","[20.9, 49.52["
24.53,"[20.9, 25.0[","[20.9, 30.0[","[20.9, 40.0[","[20.9, 49.52["
24.57,"[20.9, 25.0[","[20.9, 30.0[","[20.9, 40.0[","[20.9, 49.52["
24.58,"[20.9, 25.0[","[20.9, 30.0[","[20.9, 40.0[","[20.9, 49.52["
24.62,"[20.9, 25.0[","[20.9, 30.0[","[20.9, 40.0[","[20.9, 49.52["
24.63,"[20.9, 25.0[","[20.9, 30.0[","[20.9, 40.0[","[20.9, 49.52["
24.64,"[20.9, 25.0[","[20.9, 30.0[","[20.9, 40.0[","[20.9, 49.52["
24.65,"[20.9, 25.0[","[20.9, 30.0[","[20.9, 40.0[","[20.9, 49.52["
24.66,"[20.9, 25.0[","[20.9, 30.0[","[20.9, 40.0[","[20.9, 49.52["
24.67,"[20.9, 25.0[","[20.9, 30.0[","[20.9, 40.0[","[20.9, 49.52["
24.68,"[20.9, 25.0[","[20.9, 30.0[","[20.9, 40.0[","[20.9, 49.52["
24.69,"[20.9, 25.0[","[20.9, 30.0[","[20.9, 40.0[","[20.9, 49.52["
24.73,"[20.9, 25.0[","[20.9, 30.0[","[20.9, 40.0[","[20.9, 49.52["
24.76,"[20.9, 25.0[","[20.9, 30.0[","[20.9, 40.0[","[20.9, 49.52["
24.77,"[20.9, 25.0[","[20.9, 30.0[","[20.9, 40.0[","[20.9, 49.52["
24.79,"[20.9, 25.0[","[20.9, 30.0[","[20.9, 40.0[","[20.9, 49.52["
24.81,"[20.9, 25.0[","[20.9, 30.0[","[20.9, 40.0[","[20.9, 49.52["
24.82,"[20.9, 25.0[","[20.9, 30.0[","[20.9, 40.0[","[20.9, 49.52["
24.85,"[20.9, 25.0[","[20.9, 30.0[","[20.9, 40.0[","[20.9, 49.52["
24.87,"[20.9, 25.0[","[20.9, 30.0[","[20.9, 40.0[","[20.9, 49.52["
24.89,"[20.9, 25.0[","[20.9, 30.0[","[20.9, 40.0[","[20.9, 49.52["
24.9,"[20.9, 25.0[","[20.9, 30.0[","[20.9, 40.0[","[20.9, 49.52["
24.94,"[20.9, 25.0[","[20.9, 30.0[","[20.9, 40.0[","[20.9, 49.52["
24.95,"[20.9, 25.0[","[20.9, 30.0[","[20.9, 40.0[","[20.9, 49.52["
24.96,"[20.9, 25.0[","[20.9, 30.0[","[20.9, 40.0[","[20.9, 49.52["
24.97,"[20.9, 25.0[","[20.9, 30.0[","[20.9, 40.0[","[20.9, 49.52["
24.98,"[20.9, 25.0[","[20.9, 30.0[","[20.9, 40.0[","[20.9, 49.52["
25.02,"[25.0, 30.0[","[20.9, 30.0[","[20.9, 40.0[","[20.9, 49.52["
25.03,"[25.0, 30.0[","[20.9, 30.0[","[20.9, 40.0[","[20.9, 49.52["
25.08,"[25.0, 30.0[","[20.9, 30.0[","[20.9, 40.0[","[20.9, 49.52["
25.1,"[25.0, 30.0[","[20.9, 30.0[","[20.9, 40.0[","[20.9, 49.52["
25.11,"[25.0, 30.0[","[20.9, 30.0[","[20.9, 40.0[","[20.9, 49.52["
25.13,"[25.0, 30.0[","[20.9, 30.0[","[20.9, 40.0[","[20.9, 49.52["
25.14,"[25.0, 30.0[","[20.9, 30.0[","[20.9, 40.0[","[20.9, 49.52["
25.15,"[25.0, 30.0[","[20.9, 30.0[","[20.9, 40.0[","[20.9, 49.52["
25.17,"[25.0, 30.0[","[20.9, 30.0[","[20.9, 40.0[","[20.9, 49.52["
25.18,"[25.0, 30.0[","[20.9, 30.0[","[20.9, 40.0[","[20.9, 49.52["
25.19,"[25.0, 30.0[","[20.9, 30.0[","[20.9, 40.0[","[20.9, 49.52["
25.21,"[25.0, 30.0[","[20.9, 30.0[","[20.9, 40.0[","[20.9, 49.52["
25.22,"[25.0, 30.0[","[20.9, 30.0[","[20.9, 40.0[","[20.9, 49.52["
25.23,"[25.0, 30.0[","[20.9, 30.0[","[20.9, 40.0[","[20.9, 49.52["
25.24,"[25.0, 30.0[","[20.9, 30.0[","[20.9, 40.0[","[20.9, 49.52["
25.25,"[25.0, 30.0[","[20.9, 30.0[","[20.9, 40.0[","[20.9, 49.52["
25.27,"[25.0, 30.0[","[20.9, 30.0[","[20.9, 40.0[","[20.9, 49.52["
25.29,"[25.0, 30.0[","[20.9, 30.0[","[20.9, 40.0[","[20.9, 49.52["
25.3,"[25.0, 30.0[","[20.9, 30.0[","[20.9, 40.0[","[20.9, 49.52["
25.31,"[25.0, 30.0[","[20.9, 30.0[","[20.9, 40.0[","[20.9, 49.52["
25.33,"[25.0, 30.0[","[20.9, 30.0[","[20.9, 40.0[","[20.9, 49.52["
25.34,"[25.0, 30.0[","[20.9, 30.0[","[20.9, 40.0[","[20.9, 49.52["
25.35,"[25.0, 30.0[","[20.9, 30.0[","[20.9, 40.0[","[20.9, 49.52["
25.37,"[25.0, 30.0[","[20.9, 30.0[","[20.9, 40.0[","[20.9, 49.52["
25.38,"[25.0, 30.0[","[20.9, 30.0[","[20.9, 40.0[","[20.9, 49.52["
25.4,"[25.0, 30.0[","[20.9, 30.0[","[20.9, 40.0[","[20.9, 49.52["
25.41,"[25.0, 30.0[","[20.9, 30.0[","[20.9, 40.0[","[20.9, 49.52["
25.43,"[25.0, 30.0[","[20.9, 30.0[","[20.9, 40.0[","[20.9, 49.52["
25.44,"[25.0, 30.0[","[20.9, 30.0[","[20.9, 40.0[","[20.9, 49.52["
25.45,"[25.0, 30.0[","[20.9, 30.0[","[20.9, 40.0[","[20.9, 49.52["
25.48,"[25.0, 30.0[","[20.9, 30.0[","[20.9, 40.0[","[20.9, 49.52["
25.49,"[25.0, 30.0[","[20.9, 30.0[","[20.9, 40.0[","[20.9, 49.52["
25.5,"[25.0, 30.0[","[20.9, 30.0[","[20.9, 40.0[","[20.9, 49.52["
25.53,"[25.0, 30.0[","[20.9, 30.0[","[20.9, 40.0[","[20.9, 49.52["
25.54,"[25.0, 30.0[","[20.9, 30.0[","[20.9, 40.0[","[20.9, 49.52["
25.55,"[25.0, 30.0[","[20.9, 30.0[","[20.9, 40.0[","[20.9, 49.52["
25.57,"[25.0, 30.0[","[20.9, 30.0[","[20.9, 40.0[","[20.9, 49.52["
25.6,"[25.0, 30.0[","[20.9, 30.0[","[20.9, 40.0[","[20.9, 49.52["
25.62,"[25.0, 30.0[","[20.9, 30.0[","[20.9, 40.0[","[20.9, 49.52["
25.64,"[25.0, 30.0[","[20.9, 30.0[","[20.9, 40.0[","[20.9, 49.52["
25.65,"[25.0, 30.0[","[20.9, 30.0[","[20.9, 40.0[","[20.9, 49.52["
25.66,"[25.0, 30.0[","[20.9, 30.0[","[20.9, 40.0[","[20.9, 49.52["
25.67,"[25.0, 30.0[","[20.9, 30.0[","[20.9, 40.0[","[20.9, 49.52["
25.69,"[25.0, 30.0[","[20.9, 30.0[","[20.9, 40.0[","[20.9, 49.52["
25.7,"[25.0, 30.0[","[20.9, 30.0[","[20.9, 40.0[","[20.9, 49.52["
25.71,"[25.0, 30.0[","[20.9, 30.0[","[20.9, 40.0[","[20.9, 49.52["
25.72,"[25.0, 30.0[","[20.9, 30.0[","[20.9, 40.0[","[20.9, 49.52["
25.73,"[25.0, 30.0[","[20.9, 30.0[","[20.9, 40.0[","[20.9, 49.52["
25.74,"[25.0, 30.0[","[20.9, 30.0[","[20.9, 40.0[","[20.9, 49.52["
25.75,"[25.0, 30.0[","[20.9, 30.0[","[20.9, 40.0[","[20.9, 49.52["
25.76,"[25.0, 30.0[","[20.9, 30.0[","[20.9, 40.0[","[20.9, 49.52["
25.78,"[25.0, 30.0[","[20.9, 30.0[","[20.9, 40.0[","[20.9, 49.52["
25.79,"[25.0, 30.0[","[20.9, 30.0[","[20.9, 40.0[","[20.9, 49.52["
25.81,"[25.0, 30.0[","[20.9, 30.0[","[20.9, 40.0[","[20.9, 49.52["
25.82,"[25.0, 30.0[","[20.9, 30.0[","[20.9, 40.0[","[20.9, 49.52["
25.83,"[25.0, 30.0[","[20.9, 30.0[","[20.9, 40.0[","[20.9, 49.52["
25.84,"[25.0, 30.0[","[20.9, 30.0[","[20.9, 40.0[","[20.9, 49.52["
25.85,"[25.0, 30.0[","[20.9, 30.0[","[20.9, 40.0[","[20.9, 49.52["
25.86,"[25.0, 30.0[","[20.9, 30.0[","[20.9, 40.0[","[20.9, 49.52["
25.89,"[25.0, 30.0[","[20.9, 30.0[","[20.9, 40.0[","[20.9, 49.52["
25.9,"[25.0, 30.0[","[20.9, 30.0[","[20.9, 40.0[","[20.9, 49.52["
25.91,"[25.0, 30.0[","[20.9, 30.0[","[20.9, 40.0[","[20.9, 49.52["
25.93,"[25.0, 30.0[","[20.9, 30.0[","[20.9, 40.0[","[20.9, 49.52["
25.94,"[25.0, 30.0[","[20.9, 30.0[","[20.9, 40.0[","[20.9, 49.52["
25.95,"[25.0, 30.0[","[20.9, 30.0[","[20.9, 40.0[","[20.9, 49.52["
25.96,"[25.0, 30.0[","[20.9, 30.0[","[20.9, 40.0[","[20.9, 49.52["
26,"[25.0, 30.0[","[20.9, 30.0[","[20.9, 40.0[","[20.9, 49.52["
26.01,"[25.0, 30.0[","[20.9, 30.0[","[20.9, 40.0[","[20.9, 49.52["
26.03,"[25.0, 30.0[","[20.9, 30.0[","[20.9, 40.0[","[20.9, 49.52["
26.04,"[25.0, 30.0[","[20.9, 30.0[","[20.9, 40.0[","[20.9, 49.52["
26.05,"[25.0, 30.0[","[20.9, 30.0[","[20.9, 40.0[","[20.9, 49.52["
26.06,"[25.0, 30.0[","[20.9, 30.0[","[20.9, 40.0[","[20.9, 49.52["
26.07,"[25.0, 30.0[","[20.9, 30.0[","[20.9, 40.0[","[20.9, 49.52["
26.09,"[25.0, 30.0[","[20.9, 30.0[","[20.9, 40.0[","[20.9, 49.52["
26.11,"[25.0, 30.0[","[20.9, 30.0[","[20.9, 40.0[","[20.9, 49.52["
26.13,"[25.0, 30.0[","[20.9, 30.0[","[20.9, 40.0[","[20.9, 49.52["
26.14,"[25.0, 30.0[","[20.9, 30.0[","[20.9, 40.0[","[20.9, 49.52["
26.16,"[25.0, 30.0[","[20.9, 30.0[","[20.9, 40.0[","[20.9, 49.52["
26.17,"[25.0, 30.0[","[20.9, 30.0[","[20.9, 40.0[","[20.9, 49.52["
26.18,"[25.0, 30.0[","[20.9, 30.0[","[20.9, 40.0[","[20.9, 49.52["
26.19,"[25.0, 30.0[","[20.9, 30.0[","[20.9, 40.0[","[20.9, 49.52["
26.2,"[25.0, 30.0[","[20.9, 30.0[","[20.9, 40.0[","[20.9, 49.52["
26.21,"[25.0, 30.0[","[20.9, 30.0[","[20.9, 40.0[","[20.9, 49.52["
26.22,"[25.0, 30.0[","[20.9, 30.0[","[20.9, 40.0[","[20.9, 49.52["
26.24,"[25.0, 30.0[","[20.9, 30.0[","[20.9, 40.0[","[20.9, 49.52["
26.25,"[25.0, 30.0[","[20.9, 30.0[","[20.9, 40.0[","[20.9, 49.52["
26.26,"[25.0, 30.0[","[20.9, 30.0[","[20.9, 40.0[","[20.9, 49.52["
26.27,"[25.0, 30.0[","[20.9, 30.0[","[20.9, 40.0[","[20.9, 49.52["
26.28,"[25.0, 30.0[","[20.9, 30.0[","[20.9, 40.0[","[20.9, 49.52["
26.29,"[25.0, 30.0[","[20.9, 30.0[","[20.9, 40.0[","[20.9, 49.52["
26.31,"[25.0, 30.0[","[20.9, 30.0[","[20.9, 40.0[","[20.9, 49.52["
26.33,"[25.0, 30.0[","[20.9, 30.0[","[20.9, 40.0[","[20.9, 49.52["
26.36,"[25.0, 30.0[","[20.9, 30.0[","[20.9, 40.0[","[20.9, 49.52["
26.39,"[25.0, 30.0[","[20.9, 30.0[","[20.9, 40.0[","[20.9, 49.52["
26.41,"[25.0, 30.0[","[20.9, 30.0[","[20.9, 40.0[","[20.9, 49.52["
26.42,"[25.0, 30.0[","[20.9, 30.0[","[20.9, 40.0[","[20.9, 49.52["
26.43,"[25.0, 30.0[","[20.9, 30.0[","[20.9, 40.0[","[20.9, 49.52["
26.45,"[25.0, 30.0[","[20.9, 30.0[","[20.9, 40.0[","[20.9, 49.52["
26.46,"[25.0, 30.0[","[20.9, 30.0[","[20.9, 40.0[","[20.9, 49.52["
26.47,"[25.0, 30.0[","[20.9, 30.0[","[20.9, 40.0[","[20.9, 49.52["
26.48,"[25.0, 30.0[","[20.9, 30.0[","[20.9, 40.0[","[20.9, 49.52["
26.49,"[25.0, 30.0[","[20.9, 30.0[","[20.9, 40.0[","[20.9, 49.52["
26.5,"[25.0, 30.0[","[20.9, 30.0[","[20.9, 40.0[","[20.9, 49.52["
26.51,"[25.0, 30.0[","[20.9, 30.0[","[20.9, 40.0[","[20.9, 49.52["
26.52,"[25.0, 30.0[","[20.9, 30.0[","[20.9, 40.0[","[20.9, 49.52["
26.53,"[25.0, 30.0[","[20.9, 30.0[","[20.9, 40.0[","[20.9, 49.52["
26.54,"[25.0, 30.0[","[20.9, 30.0[","[20.9, 40.0[","[20.9, 49.52["
26.55,"[25.0, 30.0[","[20.9, 30.0[","[20.9, 40.0[","[20.9, 49.52["
26.56,"[25.0, 30.0[","[20.9, 30.0[","[20.9, 40.0[","[20.9, 49.52["
26.59,"[25.0, 30.0[","[20.9, 30.0[","[20.9, 40.0[","[20.9, 49.52["
26.6,"[25.0, 30.0[","[20.9, 30.0[","[20.9, 40.0[","[20.9, 49.52["
26.61,"[25.0, 30.0[","[20.9, 30.0[","[20.9, 40.0[","[20.9, 49.52["
26.63,"[25.0, 30.0[","[20.9, 30.0[","[20.9, 40.0[","[20.9, 49.52["
26.65,"[25.0, 30.0[","[20.9, 30.0[","[20.9, 40.0[","[20.9, 49.52["
26.66,"[25.0, 30.0[","[20.9, 30.0[","[20.9, 40.0[","[20.9, 49.52["
26.67,"[25.0, 30.0[","[20.9, 30.0[","[20.9, 40.0[","[20.9, 49.52["
26.68,"[25.0, 30.0[","[20.9, 30.0[","[20.9, 40.0[","[20.9, 49.52["
26.69,"[25.0, 30.0[","[20.9, 30.0[","[20.9, 40.0[","[20.9, 49.52["
26.72,"[25.0, 30.0[","[20.9, 30.0[","[20.9, 40.0[","[20.9, 49.52["
26.73,"[25.0, 30.0[","[20.9, 30.0[","[20.9, 40.0[","[20.9, 49.52["
26.75,"[25.0, 30.0[","[20.9, 30.0[","[20.9, 40.0[","[20.9, 49.52["
26.77,"[25.0, 30.0[","[20.9, 30.0[","[20.9, 40.0[","[20.9, 49.52["
26.78,"[25.0, 30.0[","[20.9, 30.0[","[20.9, 40.0[","[20.9, 49.52["
26.79,"[25.0, 30.0[","[20.9, 30.0[","[20.9, 40.0[","[20.9, 49.52["
26.8,"[25.0, 30.0[","[20.9, 30.0[","[20.9, 40.0[","[20.9, 49.52["
26.81,"[25.0, 30.0[","[20.9, 30.0[","[20.9, 40.0[","[20.9, 49.52["
26.84,"[25.0, 30.0[","[20.9, 30.0[","[20.9, 40.0[","[20.9, 49.52["
26.86,"[25.0, 30.0[","[20.9, 30.0[","[20.9, 40.0[","[20.9, 49.52["
26.89,"[25.0, 30.0[","[20.9, 30.0[","[20.9, 40.0[","[20.9, 49.52["
26.9,"[25.0, 30.0[","[20.9, 30.0[","[20.9, 40.0[","[20.9, 49.52["
26.92,"[25.0, 30.0[","[20.9, 30.0[","[20.9, 40.0[","[20.9, 49.52["
26.93,"[25.0, 30.0[","[20.9, 30.0[","[20.9, 40.0[","[20.9, 49.52["
26.96,"[25.0, 30.0[","[20.9, 30.0[","[20.9, 40.0[","[20.9, 49.52["
26.97,"[25.0, 30.0[","[20.9, 30.0[","[20.9, 40.0[","[20.9, 49.52["
26.98,"[25.0, 30.0[","[20.9, 30.0[","[20.9, 40.0[","[20.9, 49.52["
27.01,"[25.0, 30.0[","[20.9, 30.0[","[20.9, 40.0[","[20.9, 49.52["
27.03,"[25.0, 30.0[","[20.9, 30.0[","[20.9, 40.0[","[20.9, 49.52["
27.05,"[25.0, 30.0[","[20.9, 30.0[","[20.9, 40.0[","[20.9, 49.52["
27.06,"[25.0, 30.0[","[20.9, 30.0[","[20.9, 40.0[","[20.9, 49.52["
27.07,"[25.0, 30.0[","[20.9, 30.0[","[20.9, 40.0[","[20.9, 49.52["
27.08,"[25.0, 30.0[","[20.9, 30.0[","[20.9, 40.0[","[20.9, 49.52["
27.09,"[25.0, 30.0[","[20.9, 30.0[","[20.9, 40.0[","[20.9, 49.52["
27.1,"[25.0, 30.0[","[20.9, 30.0[","[20.9, 40.0[","[20.9, 49.52["
27.12,"[25.0, 30.0[","[20.9, 30.0[","[20.9, 40.0[","[20.9, 49.52["
27.13,"[25.0, 30.0[","[20.9, 30.0[","[20.9, 40.0[","[20.9, 49.52["
27.14,"[25.0, 30.0[","[20.9, 30.0[","[20.9, 40.0[","[20.9, 49.52["
27.16,"[25.0, 30.0[","[20.9, 30.0[","[20.9, 40.0[","[20.9, 49.52["
27.17,"[25.0, 30.0[","[20.9, 30.0[","[20.9, 40.0[","[20.9, 49.52["
27.2,"[25.0, 30.0[","[20.9, 30.0[","[20.9, 40.0[","[20.9, 49.52["
27.21,"[25.0, 30.0[","[20.9, 30.0[","[20.9, 40.0[","[20.9, 49.52["
27.22,"[25.0, 30.0[","[20.9, 30.0[","[20.9, 40.0[","[20.9, 49.52["
27.23,"[25.0, 30.0[","[20.9, 30.0[","[20.9, 40.0[","[20.9, 49.52["
27.26,"[25.0, 30.0[","[20.9, 30.0[","[20.9, 40.0[","[20.9, 49.52["
27.27,"[25.0, 30.0[","[20.9, 30.0[","[20.9, 40.0[","[20.9, 49.52["
27.28,"[25.0, 30.0[","[20.9, 30.0[","[20.9, 40.0[","[20.9, 49.52["
27.3,"[25.0, 30.0[","[20.9, 30.0[","[20.9, 40.0[","[20.9, 49.52["
27.31,"[25.0, 30.0[","[20.9, 30.0[","[20.9, 40.0[","[20.9, 49.52["
27.32,"[25.0, 30.0[","[20.9, 30.0[","[20.9, 40.0[","[20.9, 49.52["
27.33,"[25.0, 30.0[","[20.9, 30.0[","[20.9, 40.0[","[20.9, 49.52["
27.35,"[25.0, 30.0[","[20.9, 30.0[","[20.9, 40.0[","[20.9, 49.52["
27.36,"[25.0, 30.0[","[20.9, 30.0[","[20.9, 40.0[","[20.9, 49.52["
27.38,"[25.0, 30.0[","[20.9, 30.0[","[20.9, 40.0[","[20.9, 49.52["
27.39,"[25.0, 30.0[","[20.9, 30.0[","[20.9, 40.0[","[20.9, 49.52["
27.43,"[25.0, 30.0[","[20.9, 30.0[","[20.9, 40.0[","[20.9, 49.52["
27.44,"[25.0, 30.0[","[20.9, 30.0[","[20.9, 40.0[","[20.9, 49.52["
27.45,"[25.0, 30.0[","[20.9, 30.0[","[20.9, 40.0[","[20.9, 49.52["
27.47,"[25.0, 30.0[","[20.9, 30.0[","[20.9, 40.0[","[20.9, 49.52["
27.48,"[25.0, 30.0[","[20.9, 30.0[","[20.9, 40.0[","[20.9, 49.52["
27.49,"[25.0, 30.0[","[20.9, 30.0[","[20.9, 40.0[","[20.9, 49.52["
27.5,"[25.0, 30.0[","[20.9, 30.0[","[20.9, 40.0[","[20.9, 49.52["
27.51,"[25.0, 30.0[","[20.9, 30.0[","[20.9, 40.0[","[20.9, 49.52["
27.52,"[25.0, 30.0[","[20.9, 30.0[","[20.9, 40.0[","[20.9, 49.52["
27.53,"[25.0, 30.0[","[20.9, 30.0[","[20.9, 40.0[","[20.9, 49.52["
27.54,"[25.0, 30.0[","[20.9, 30.0[","[20.9, 40.0[","[20.9, 49.52["
27.55,"[25.0, 30.0[","[20.9, 30.0[","[20.9, 40.0[","[20.9, 49.52["
27.56,"[25.0, 30.0[","[20.9, 30.0[","[20.9, 40.0[","[20.9, 49.52["
27.6,"[25.0, 30.0[","[20.9, 30.0[","[20.9, 40.0[","[20.9, 49.52["
27.61,"[25.0, 30.0[","[20.9, 30.0[","[20.9, 40.0[","[20.9, 49.52["
27.63,"[25.0, 30.0[","[20.9, 30.0[","[20.9, 40.0[","[20.9, 49.52["
27.69,"[25.0, 30.0[","[20.9, 30.0[","[20.9, 40.0[","[20.9, 49.52["
27.71,"[25.0, 30.0[","[20.9, 30.0[","[20.9, 40.0[","[20.9, 49.52["
27.73,"[25.0, 30.0[","[20.9, 30.0[","[20.9, 40.0[","[20.9, 49.52["
27.76,"[25.0, 30.0[","[20.9, 30.0[","[20.9, 40.0[","[20.9, 49.52["
27.77,"[25.0, 30.0[","[20.9, 30.0[","[20.9, 40.0[","[20.9, 49.52["
27.78,"[25.0, 30.0[","[20.9, 30.0[","[20.9, 40.0[","[20.9, 49.52["
27.81,"[25.0, 30.0[","[20.9, 30.0[","[20.9, 40.0[","[20.9, 49.52["
27.82,"[25.0, 30.0[","[20.9, 30.0[","[20.9, 40.0[","[20.9, 49.52["
27.85,"[25.0, 30.0[","[20.9, 30.0[","[20.9, 40.0[","[20.9, 49.52["
27.86,"[25.0, 30.0[","[20.9, 30.0[","[20.9, 40.0[","[20.9, 49.52["
27.9,"[25.0, 30.0[","[20.9, 30.0[","[20.9, 40.0[","[20.9, 49.52["
27.92,"[25.0, 30.0[","[20.9, 30.0[","[20.9, 40.0[","[20.9, 49.52["
27.93,"[25.0, 30.0[","[20.9, 30.0[","[20.9, 40.0[","[20.9, 49.52["
27.94,"[25.0, 30.0[","[20.9, 30.0[","[20.9, 40.0[","[20.9, 49.52["
27.96,"[25.0, 30.0[","[20.9, 30.0[","[20.9, 40.0[","[20.9, 49.52["
27.97,"[25.0, 30.0[","[20.9, 30.0[","[20.9, 40.0[","[20.9, 49.52["
27.99,"[25.0, 30.0[","[20.9, 30.0[","[20.9, 40.0[","[20.9, 49.52["
28.03,"[25.0, 30.0[","[20.9, 30.0[","[20.9, 40.0[","[20.9, 49.52["
28.06,"[25.0, 30.0[","[20.9, 30.0[","[20.9, 40.0[","[20.9, 49.52["
28.08,"[25.0, 30.0[","[20.9, 30.0[","[20.9, 40.0[","[20.9, 49.52["
28.09,"[25.0, 30.0[","[20.9, 30.0[","[20.9, 40.0[","[20.9, 49.52["
28.1,"[25.0, 30.0[","[20.9, 30.0[","[20.9, 40.0[","[20.9, 49.52["
28.11,"[25.0, 30.0[","[20.9, 30.0[","[20.9, 40.0[","[20.9, 49.52["
28.12,"[25.0, 30.0[","[20.9, 30.0[","[20.9, 40.0[","[20.9, 49.52["
28.16,"[25.0, 30.0[","[20.9, 30.0[","[20.9, 40.0[","[20.9, 49.52["
28.19,"[25.0, 30.0[","[20.9, 30.0[","[20.9, 40.0[","[20.9, 49.52["
28.2,"[25.0, 30.0[","[20.9, 30.0[","[20.9, 40.0[","[20.9, 49.52["
28.21,"[25.0, 30.0[","[20.9, 30.0[","[20.9, 40.0[","[20.9, 49.52["
28.23,"[25.0, 30.0[","[20.9, 30.0[","[20.9, 40.0[","[20.9, 49.52["
28.24,"[25.0, 30.0[","[20.9, 30.0[","[20.9, 40.0[","[20.9, 49.52["
28.26,"[25.0, 30.0[","[20.9, 30.0[","[20.9, 40.0[","[20.9, 49.52["
28.29,"[25.0, 30.0[","[20.9, 30.0[","[20.9, 40.0[","[20.9, 49.52["
28.3,"[25.0, 30.0[","[20.9, 30.0[","[20.9, 40.0[","[20.9, 49.52["
28.31,"[25.0, 30.0[","[20.9, 30.0[","[20.9, 40.0[","[20.9, 49.52["
28.32,"[25.0, 30.0[","[20.9, 30.0[","[20.9, 40.0[","[20.9, 49.52["
28.35,"[25.0, 30.0[","[20.9, 30.0[","[20.9, 40.0[","[20.9, 49.52["
28.38,"[25.0, 30.0[","[20.9, 30.0[","[20.9, 40.0[","[20.9, 49.52["
28.41,"[25.0, 30.0[","[20.9, 30.0[","[20.9, 40.0[","[20.9, 49.52["
28.42,"[25.0, 30.0[","[20.9, 30.0[","[20.9, 40.0[","[20.9, 49.52["
28.43,"[25.0, 30.0[","[20.9, 30.0[","[20.9, 40.0[","[20.9, 49.52["
28.44,"[25.0, 30.0[","[20.9, 30.0[","[20.9, 40.0[","[20.9, 49.52["
28.45,"[25.0, 30.0[","[20.9, 30.0[","[20.9, 40.0[","[20.9, 49.52["
28.48,"[25.0, 30.0[","[20.9, 30.0[","[20.9, 40.0[","[20.9, 49.52["
28.49,"[25.0, 30.0[","[20.9, 30.0[","[20.9, 40.0[","[20.9, 49.52["
28.5,"[25.0, 30.0[","[20.9, 30.0[","[20.9, 40.0[","[20.9, 49.52["
28.53,"[25.0, 30.0[","[20.9, 30.0[","[20.9, 40.0[","[20.9, 49.52["
28.54,"[25.0, 30.0[","[20.9, 30.0[","[20.9, 40.0[","[20.9, 49.52["
28.56,"[25.0, 30.0[","[20.9, 30.0[","[20.9, 40.0[","[20.9, 49.52["
28.58,"[25.0, 30.0[","[20.9, 30.0[","[20.9, 40.0[","[20.9, 49.52["
28.59,"[25.0, 30.0[","[20.9, 30.0[","[20.9, 40.0[","[20.9, 49.52["
28.62,"[25.0, 30.0[","[20.9, 30.0[","[20.9, 40.0[","[20.9, 49.52["
28.63,"[25.0, 30.0[","[20.9, 30.0[","[20.9, 40.0[","[20.9, 49.52["
28.66,"[25.0, 30.0[","[20.9, 30.0[","[20.9, 40.0[","[20.9, 49.52["
28.67,"[25.0, 30.0[","[20.9, 30.0[","[20.9, 40.0[","[20.9, 49.52["
28.68,"[25.0, 30.0[","[20.9, 30.0[","[20.9, 40.0[","[20.9, 49.52["
28.7,"[25.0, 30.0[","[20.9, 30.0[","[20.9, 40.0[","[20.9, 49.52["
28.77,"[25.0, 30.0[","[20.9, 30.0[","[20.9, 40.0[","[20.9, 49.52["
28.79,"[25.0, 30.0[","[20.9, 30.0[","[20.9, 40.0[","[20.9, 49.52["
28.8,"[25.0, 30.0[","[20.9, 30.0[","[20.9, 40.0[","[20.9, 49.52["
28.81,"[25.0, 30.0[","[20.9, 30.0[","[20.9, 40.0[","[20.9, 49.52["
28.84,"[25.0, 30.0[","[20.9, 30.0[","[20.9, 40.0[","[20.9, 49.52["
28.85,"[25.0, 30.0[","[20.9, 30.0[","[20.9, 40.0[","[20.9, 49.52["
28.86,"[25.0, 30.0[","[20.9, 30.0[","[20.9, 40.0[","[20.9, 49.52["
28.88,"[25.0, 30.0[","[20.9, 30.0[","[20.9, 40.0[","[20.9, 49.52["
28.89,"[25.0, 30.0[","[20.9, 30.0[","[20.9, 40.0[","[20.9, 49.52["
28.9,"[25.0, 30.0[","[20.9, 30.0[","[20.9, 40.0[","[20.9, 49.52["
28.91,"[25.0, 30.0[","[20.9, 30.0[","[20.9, 40.0[","[20.9, 49.52["
28.92,"[25.0, 30.0[","[20.9, 30.0[","[20.9, 40.0[","[20.9, 49.52["
28.94,"[25.0, 30.0[","[20.9, 30.0[","[20.9, 40.0[","[20.9, 49.52["
28.99,"[25.0, 30.0[","[20.9, 30.0[","[20.9, 40.0[","[20.9, 49.52["
29.04,"[25.0, 30.0[","[20.9, 30.0[","[20.9, 40.0[","[20.9, 49.52["
29.05,"[25.0, 30.0[","[20.9, 30.0[","[20.9, 40.0[","[20.9, 49.52["
29.06,"[25.0, 30.0[","[20.9, 30.0[","[20.9, 40.0[","[20.9, 49.52["
29.07,"[25.0, 30.0[","[20.9, 30.0[","[20.9, 40.0[","[20.9, 49.52["
29.08,"[25.0, 30.0[","[20.9, 30.0[","[20.9, 40.0[","[20.9, 49.52["
29.09,"[25.0, 30.0[","[20.9, 30.0[","[20.9, 40.0[","[20.9, 49.52["
29.1,"[25.0, 30.0[","[20.9, 30.0[","[20.9, 40.0[","[20.9, 49.52["
29.11,"[25.0, 30.0[","[20.9, 30.0[","[20.9, 40.0[","[20.9, 49.52["
29.12,"[25.0, 30.0[","[20.9, 30.0[","[20.9, 40.0[","[20.9, 49.52["
29.13,"[25.0, 30.0[","[20.9, 30.0[","[20.9, 40.0[","[20.9, 49.52["
29.14,"[25.0, 30.0[","[20.9, 30.0[","[20.9, 40.0[","[20.9, 49.52["
29.16,"[25.0, 30.0[","[20.9, 30.0[","[20.9, 40.0[","[20.9, 49.52["
29.17,"[25.0, 30.0[","[20.9, 30.0[","[20.9, 40.0[","[20.9, 49.52["
29.19,"[25.0, 30.0[","[20.9, 30.0[","[20.9, 40.0[","[20.9, 49.52["
29.22,"[25.0, 30.0[","[20.9, 30.0[","[20.9, 40.0[","[20.9, 49.52["
29.23,"[25.0, 30.0[","[20.9, 30.0[","[20.9, 40.0[","[20.9, 49.52["
29.24,"[25.0, 30.0[","[20.9, 30.0[","[20.9, 40.0[","[20.9, 49.52["
29.26,"[25.0, 30.0[","[20.9, 30.0[","[20.9, 40.0[","[20.9, 49.52["
29.27,"[25.0, 30.0[","[20.9, 30.0[","[20.9, 40.0[","[20.9, 49.52["
29.28,"[25.0, 30.0[","[20.9, 30.0[","[20.9, 40.0[","[20.9, 49.52["
29.31,"[25.0, 30.0[","[20.9, 30.0[","[20.9, 40.0[","[20.9, 49.52["
29.35,"[25.0, 30.0[","[20.9, 30.0[","[20.9, 40.0[","[20.9, 49.52["
29.39,"[25.0, 30.0[","[20.9, 30.0[","[20.9, 40.0[","[20.9, 49.52["
29.42,"[25.0, 30.0[","[20.9, 30.0[","[20.9, 40.0[","[20.9, 49.52["
29.43,"[25.0, 30.0[","[20.9, 30.0[","[20.9, 40.0[","[20.9, 49.52["
29.44,"[25.0, 30.0[","[20.9, 30.0[","[20.9, 40.0[","[20.9, 49.52["
29.45,"[25.0, 30.0[","[20.9, 30.0[","[20.9, 40.0[","[20.9, 49.52["
29.47,"[25.0, 30.0[","[20.9, 30.0[","[20.9, 40.0[","[20.9, 49.52["
29.49,"[25.0, 30.0[","[20.9, 30.0[","[20.9, 40.0[","[20.9, 49.52["
29.5,"[25.0, 30.0[","[20.9, 30.0[","[20.9, 40.0[","[20.9, 49.52["
29.54,"[25.0, 30.0[","[20.9, 30.0[","[20.9, 40.0[","[20.9, 49.52["
29.55,"[25.0, 30.0[","[20.9, 30.0[","[20.9, 40.0[","[20.9, 49.52["
29.56,"[25.0, 30.0[","[20.9, 30.0[","[20.9, 40.0[","[20.9, 49.52["
29.57,"[25.0, 30.0[","[20.9, 30.0[","[20.9, 40.0[","[20.9, 49.52["
29.58,"[25.0, 30.0[","[20.9, 30.0[","[20.9, 40.0[","[20.9, 49.52["
29.6,"[25.0, 30.0[","[20.9, 30.0[","[20.9, 40.0[","[20.9, 49.52["
29.64,"[25.0, 30.0[","[20.9, 30.0[","[20.9, 40.0[","[20.9, 49.52["
29.71,"[25.0, 30.0[","[20.9, 30.0[","[20.9, 40.0[","[20.9, 49.52["
29.73,"[25.0, 30.0[","[20.9, 30.0[","[20.9, 40.0[","[20.9, 49.52["
29.74,"[25.0, 30.0[","[20.9, 30.0[","[20.9, 40.0[","[20.9, 49.52["
29.75,"[25.0, 30.0[","[20.9, 30.0[","[20.9, 40.0[","[20.9, 49.52["
29.77,"[25.0, 30.0[","[20.9, 30.0[","[20.9, 40.0[","[20.9, 49.52["
29.78,"[25.0, 30.0[","[20.9, 30.0[","[20.9, 40.0[","[20.9, 49.52["
29.8,"[25.0, 30.0[","[20.9, 30.0[","[20.9, 40.0[","[20.9, 49.52["
29.83,"[25.0, 30.0[","[20.9, 30.0[","[20.9, 40.0[","[20.9, 49.52["
29.84,"[25.0, 30.0[","[20.9, 30.0[","[20.9, 40.0[","[20.9, 49.52["
29.85,"[25.0, 30.0[","[20.9, 30.0[","[20.9, 40.0[","[20.9, 49.52["
29.86,"[25.0, 30.0[","[20.9, 30.0[","[20.9, 40.0[","[20.9, 49.52["
29.9,"[25.0, 30.0[","[20.9, 30.0[","[20.9, 40.0[","[20.9, 49.52["
29.95,"[25.0, 30.0[","[20.9, 30.0[","[20.9, 40.0[","[20.9, 49.52["
29.98,"[25.0, 30.0[","[20.9, 30.0[","[20.9, 40.0[","[20.9, 49.52["
29.99,"[25.0, 30.0[","[20.9, 30.0[","[20.9, 40.0[","[20.9, 49.52["
30,"[30.0, 35.0[","[30.0, 40.0[","[20.9, 40.0[","[20.9, 49.52["
30.01,"[30.0, 35.0[","[30.0, 40.0[","[20.9, 40.0[","[20.9, 49.52["
30.02,"[30.0, 35.0[","[30.0, 40.0[","[20.9, 40.0[","[20.9, 49.52["
30.03,"[30.0, 35.0[","[30.0, 40.0[","[20.9, 40.0[","[20.9, 49.52["
30.04,"[30.0, 35.0[","[30.0, 40.0[","[20.9, 40.0[","[20.9, 49.52["
30.06,"[30.0, 35.0[","[30.0, 40.0[","[20.9, 40.0[","[20.9, 49.52["
30.09,"[30.0, 35.0[","[30.0, 40.0[","[20.9, 40.0[","[20.9, 49.52["
30.14,"[30.0, 35.0[","[30.0, 40.0[","[20.9, 40.0[","[20.9, 49.52["
30.15,"[30.0, 35.0[","[30.0, 40.0[","[20.9, 40.0[","[20.9, 49.52["
30.16,"[30.0, 35.0[","[30.0, 40.0[","[20.9, 40.0[","[20.9, 49.52["
30.17,"[30.0, 35.0[","[30.0, 40.0[","[20.9, 40.0[","[20.9, 49.52["
30.18,"[30.0, 35.0[","[30.0, 40.0[","[20.9, 40.0[","[20.9, 49.52["
30.19,"[30.0, 35.0[","[30.0, 40.0[","[20.9, 40.0[","[20.9, 49.52["
30.21,"[30.0, 35.0[","[30.0, 40.0[","[20.9, 40.0[","[20.9, 49.52["
30.22,"[30.0, 35.0[","[30.0, 40.0[","[20.9, 40.0[","[20.9, 49.52["
30.23,"[30.0, 35.0[","[30.0, 40.0[","[20.9, 40.0[","[20.9, 49.52["
30.25,"[30.0, 35.0[","[30.0, 40.0[","[20.9, 40.0[","[20.9, 49.52["
30.26,"[30.0, 35.0[","[30.0, 40.0[","[20.9, 40.0[","[20.9, 49.52["
30.29,"[30.0, 35.0[","[30.0, 40.0[","[20.9, 40.0[","[20.9, 49.52["
30.3,"[30.0, 35.0[","[30.0, 40.0[","[20.9, 40.0[","[20.9, 49.52["
30.35,"[30.0, 35.0[","[30.0, 40.0[","[20.9, 40.0[","[20.9, 49.52["
30.36,"[30.0, 35.0[","[30.0, 40.0[","[20.9, 40.0[","[20.9, 49.52["
30.39,"[30.0, 35.0[","[30.0, 40.0[","[20.9, 40.0[","[20.9, 49.52["
30.42,"[30.0, 35.0[","[30.0, 40.0[","[20.9, 40.0[","[20.9, 49.52["
30.43,"[30.0, 35.0[","[30.0, 40.0[","[20.9, 40.0[","[20.9, 49.52["
30.46,"[30.0, 35.0[","[30.0, 40.0[","[20.9, 40.0[","[20.9, 49.52["
30.48,"[30.0, 35.0[","[30.0, 40.0[","[20.9, 40.0[","[20.9, 49.52["
30.5,"[30.0, 35.0[","[30.0, 40.0[","[20.9, 40.0[","[20.9, 49.52["
30.51,"[30.0, 35.0[","[30.0, 40.0[","[20.9, 40.0[","[20.9, 49.52["
30.52,"[30.0, 35.0[","[30.0, 40.0[","[20.9, 40.0[","[20.9, 49.52["
30.55,"[30.0, 35.0[","[30.0, 40.0[","[20.9, 40.0[","[20.9, 49.52["
30.57,"[30.0, 35.0[","[30.0, 40.0[","[20.9, 40.0[","[20.9, 49.52["
30.6,"[30.0, 35.0[","[30.0, 40.0[","[20.9, 40.0[","[20.9, 49.52["
30.67,"[30.0, 35.0[","[30.0, 40.0[","[20.9, 40.0[","[20.9, 49.52["
30.69,"[30.0, 35.0[","[30.0, 40.0[","[20.9, 40.0[","[20.9, 49.52["
30.73,"[30.0, 35.0[","[30.0, 40.0[","[20.9, 40.0[","[20.9, 49.52["
30.74,"[30.0, 35.0[","[30.0, 40.0[","[20.9, 40.0[","[20.9, 49.52["
30.77,"[30.0, 35.0[","[30.0, 40.0[","[20.9, 40.0[","[20.9, 49.52["
30.78,"[30.0, 35.0[","[30.0, 40.0[","[20.9, 40.0[","[20.9, 49.52["
30.79,"[30.0, 35.0[","[30.0, 40.0[","[20.9, 40.0[","[20.9, 49.52["
30.8,"[30.0, 35.0[","[30.0, 40.0[","[20.9, 40.0[","[20.9, 49.52["
30.82,"[30.0, 35.0[","[30.0, 40.0[","[20.9, 40.0[","[20.9, 49.52["
30.84,"[30.0, 35.0[","[30.0, 40.0[","[20.9, 40.0[","[20.9, 49.52["
30.88,"[30.0, 35.0[","[30.0, 40.0[","[20.9, 40.0[","[20.9, 49.52["
30.89,"[30.0, 35.0[","[30.0, 40.0[","[20.9, 40.0[","[20.9, 49.52["
30.9,"[30.0, 35.0[","[30.0, 40.0[","[20.9, 40.0[","[20.9, 49.52["
30.94,"[30.0, 35.0[","[30.0, 40.0[","[20.9, 40.0[","[20.9, 49.52["
30.95,"[30.0, 35.0[","[30.0, 40.0[","[20.9, 40.0[","[20.9, 49.52["
30.96,"[30.0, 35.0[","[30.0, 40.0[","[20.9, 40.0[","[20.9, 49.52["
30.98,"[30.0, 35.0[","[30.0, 40.0[","[20.9, 40.0[","[20.9, 49.52["
30.99,"[30.0, 35.0[","[30.0, 40.0[","[20.9, 40.0[","[20.9, 49.52["
31,"[30.0, 35.0[","[30.0, 40.0[","[20.9, 40.0[","[20.9, 49.52["
31.01,"[30.0, 35.0[","[30.0, 40.0[","[20.9, 40.0[","[20.9, 49.52["
31.02,"[30.0, 35.0[","[30.0, 40.0[","[20.9, 40.0[","[20.9, 49.52["
31.03,"[30.0, 35.0[","[30.0, 40.0[","[20.9, 40.0[","[20.9, 49.52["
31.04,"[30.0, 35.0[","[30.0, 40.0[","[20.9, 40.0[","[20.9, 49.52["
31.05,"[30.0, 35.0[","[30.0, 40.0[","[20.9, 40.0[","[20.9, 49.52["
31.06,"[30.0, 35.0[","[30.0, 40.0[","[20.9, 40.0[","[20.9, 49.52["
31.14,"[30.0, 35.0[","[30.0, 40.0[","[20.9, 40.0[","[20.9, 49.52["
31.15,"[30.0, 35.0[","[30.0, 40.0[","[20.9, 40.0[","[20.9, 49.52["
31.17,"[30.0, 35.0[","[30.0, 40.0[","[20.9, 40.0[","[20.9, 49.52["
31.18,"[30.0, 35.0[","[30.0, 40.0[","[20.9, 40.0[","[20.9, 49.52["
31.2,"[30.0, 35.0[","[30.0, 40.0[","[20.9, 40.0[","[20.9, 49.52["
31.21,"[30.0, 35.0[","[30.0, 40.0[","[20.9, 40.0[","[20.9, 49.52["
31.24,"[30.0, 35.0[","[30.0, 40.0[","[20.9, 40.0[","[20.9, 49.52["
31.28,"[30.0, 35.0[","[30.0, 40.0[","[20.9, 40.0[","[20.9, 49.52["
31.29,"[30.0, 35.0[","[30.0, 40.0[","[20.9, 40.0[","[20.9, 49.52["
31.33,"[30.0, 35.0[","[30.0, 40.0[","[20.9, 40.0[","[20.9, 49.52["
31.35,"[30.0, 35.0[","[30.0, 40.0[","[20.9, 40.0[","[20.9, 49.52["
31.36,"[30.0, 35.0[","[30.0, 40.0[","[20.9, 40.0[","[20.9, 49.52["
31.37,"[30.0, 35.0[","[30.0, 40.0[","[20.9, 40.0[","[20.9, 49.52["
31.39,"[30.0, 35.0[","[30.0, 40.0[","[20.9, 40.0[","[20.9, 49.52["
31.41,"[30.0, 35.0[","[30.0, 40.0[","[20.9, 40.0[","[20.9, 49.52["
31.42,"[30.0, 35.0[","[30.0, 40.0[","[20.9, 40.0[","[20.9, 49.52["
31.44,"[30.0, 35.0[","[30.0, 40.0[","[20.9, 40.0[","[20.9, 49.52["
31.45,"[30.0, 35.0[","[30.0, 40.0[","[20.9, 40.0[","[20.9, 49.52["
31.47,"[30.0, 35.0[","[30.0, 40.0[","[20.9, 40.0[","[20.9, 49.52["
31.48,"[30.0, 35.0[","[30.0, 40.0[","[20.9, 40.0[","[20.9, 49.52["
31.49,"[30.0, 35.0[","[30.0, 40.0[","[20.9, 40.0[","[20.9, 49.52["
31.51,"[30.0, 35.0[","[30.0, 40.0[","[20.9, 40.0[","[20.9, 49.52["
31.56,"[30.0, 35.0[","[30.0, 40.0[","[20.9, 40.0[","[20.9, 49.52["
31.57,"[30.0, 35.0[","[30.0, 40.0[","[20.9, 40.0[","[20.9, 49.52["
31.58,"[30.0, 35.0[","[30.0, 40.0[","[20.9, 40.0[","[20.9, 49.52["
31.59,"[30.0, 35.0[","[30.0, 40.0[","[20.9, 40.0[","[20.9, 49.52["
31.61,"[30.0, 35.0[","[30.0, 40.0[","[20.9, 40.0[","[20.9, 49.52["
31.62,"[30.0, 35.0[","[30.0, 40.0[","[20.9, 40.0[","[20.9, 49.52["
31.63,"[30.0, 35.0[","[30.0, 40.0[","[20.9, 40.0[","[20.9, 49.52["
31.68,"[30.0, 35.0[","[30.0, 40.0[","[20.9, 40.0[","[20.9, 49.52["
31.72,"[30.0, 35.0[","[30.0, 40.0[","[20.9, 40.0[","[20.9, 49.52["
31.74,"[30.0, 35.0[","[30.0, 40.0[","[20.9, 40.0[","[20.9, 49.52["
31.78,"[30.0, 35.0[","[30.0, 40.0[","[20.9, 40.0[","[20.9, 49.52["
31.81,"[30.0, 35.0[","[30.0, 40.0[","[20.9, 40.0[","[20.9, 49.52["
31.84,"[30.0, 35.0[","[30.0, 40.0[","[20.9, 40.0[","[20.9, 49.52["
31.85,"[30.0, 35.0[","[30.0, 40.0[","[20.9, 40.0[","[20.9, 49.52["
31.91,"[30.0, 35.0[","[30.0, 40.0[","[20.9, 40.0[","[20.9, 49.52["
32.01,"[30.0, 35.0[","[30.0, 40.0[","[20.9, 40.0[","[20.9, 49.52["
32.02,"[30.0, 35.0[","[30.0, 40.0[","[20.9, 40.0[","[20.9, 49.52["
32.03,"[30.0, 35.0[","[30.0, 40.0[","[20.9, 40.0[","[20.9, 49.52["
32.04,"[30.0, 35.0[","[30.0, 40.0[","[20.9, 40.0[","[20.9, 49.52["
32.08,"[30.0, 35.0[","[30.0, 40.0[","[20.9, 40.0[","[20.9, 49.52["
32.11,"[30.0, 35.0[","[30.0, 40.0[","[20.9, 40.0[","[20.9, 49.52["
32.14,"[30.0, 35.0[","[30.0, 40.0[","[20.9, 40.0[","[20.9, 49.52["
32.16,"[30.0, 35.0[","[30.0, 40.0[","[20.9, 40.0[","[20.9, 49.52["
32.17,"[30.0, 35.0[","[30.0, 40.0[","[20.9, 40.0[","[20.9, 49.52["
32.18,"[30.0, 35.0[","[30.0, 40.0[","[20.9, 40.0[","[20.9, 49.52["
32.24,"[30.0, 35.0[","[30.0, 40.0[","[20.9, 40.0[","[20.9, 49.52["
32.26,"[30.0, 35.0[","[30.0, 40.0[","[20.9, 40.0[","[20.9, 49.52["
32.27,"[30.0, 35.0[","[30.0, 40.0[","[20.9, 40.0[","[20.9, 49.52["
32.3,"[30.0, 35.0[","[30.0, 40.0[","[20.9, 40.0[","[20.9, 49.52["
32.31,"[30.0, 35.0[","[30.0, 40.0[","[20.9, 40.0[","[20.9, 49.52["
32.33,"[30.0, 35.0[","[30.0, 40.0[","[20.9, 40.0[","[20.9, 49.52["
32.34,"[30.0, 35.0[","[30.0, 40.0[","[20.9, 40.0[","[20.9, 49.52["
32.35,"[30.0, 35.0[","[30.0, 40.0[","[20.9, 40.0[","[20.9, 49.52["
32.43,"[30.0, 35.0[","[30.0, 40.0[","[20.9, 40.0[","[20.9, 49.52["
32.46,"[30.0, 35.0[","[30.0, 40.0[","[20.9, 40.0[","[20.9, 49.52["
32.51,"[30.0, 35.0[","[30.0, 40.0[","[20.9, 40.0[","[20.9, 49.52["
32.52,"[30.0, 35.0[","[30.0, 40.0[","[20.9, 40.0[","[20.9, 49.52["
32.55,"[30.0, 35.0[","[30.0, 40.0[","[20.9, 40.0[","[20.9, 49.52["
32.56,"[30.0, 35.0[","[30.0, 40.0[","[20.9, 40.0[","[20.9, 49.52["
32.57,"[30.0, 35.0[","[30.0, 40.0[","[20.9, 40.0[","[20.9, 49.52["
32.61,"[30.0, 35.0[","[30.0, 40.0[","[20.9, 40.0[","[20.9, 49.52["
32.62,"[30.0, 35.0[","[30.0, 40.0[","[20.9, 40.0[","[20.9, 49.52["
32.66,"[30.0, 35.0[","[30.0, 40.0[","[20.9, 40.0[","[20.9, 49.52["
32.68,"[30.0, 35.0[","[30.0, 40.0[","[20.9, 40.0[","[20.9, 49.52["
32.69,"[30.0, 35.0[","[30.0, 40.0[","[20.9, 40.0[","[20.9, 49.52["
32.7,"[30.0, 35.0[","[30.0, 40.0[","[20.9, 40.0[","[20.9, 49.52["
32.72,"[30.0, 35.0[","[30.0, 40.0[","[20.9, 40.0[","[20.9, 49.52["
32.73,"[30.0, 35.0[","[30.0, 40.0[","[20.9, 40.0[","[20.9, 49.52["
32.74,"[30.0, 35.0[","[30.0, 40.0[","[20.9, 40.0[","[20.9, 49.52["
32.77,"[30.0, 35.0[","[30.0, 40.0[","[20.9, 40.0[","[20.9, 49.52["
32.82,"[30.0, 35.0[","[30.0, 40.0[","[20.9, 40.0[","[20.9, 49.52["
32.84,"[30.0, 35.0[","[30.0, 40.0[","[20.9, 40.0[","[20.9, 49.52["
32.87,"[30.0, 35.0[","[30.0, 40.0[","[20.9, 40.0[","[20.9, 49.52["
32.89,"[30.0, 35.0[","[30.0, 40.0[","[20.9, 40.0[","[20.9, 49.52["
32.95,"[30.0, 35.0[","[30.0, 40.0[","[20.9, 40.0[","[20.9, 49.52["
32.97,"[30.0, 35.0[","[30.0, 40.0[","[20.9, 40.0[","[20.9, 49.52["
33.01,"[30.0, 35.0[","[30.0, 40.0[","[20.9, 40.0[","[20.9, 49.52["
33.03,"[30.0, 35.0[","[30.0, 40.0[","[20.9, 40.0[","[20.9, 49.52["
33.09,"[30.0, 35.0[","[30.0, 40.0[","[20.9, 40.0[","[20.9, 49.52["
33.15,"[30.0, 35.0[","[30.0, 40.0[","[20.9, 40.0[","[20.9, 49.52["
33.23,"[30.0, 35.0[","[30.0, 40.0[","[20.9, 40.0[","[20.9, 49.52["
33.26,"[30.0, 35.0[","[30.0, 40.0[","[20.9, 40.0[","[20.9, 49.52["
33.31,"[30.0, 35.0[","[30.0, 40.0[","[20.9, 40.0[","[20.9, 49.52["
33.32,"[30.0, 35.0[","[30.0, 40.0[","[20.9, 40.0[","[20.9, 49.52["
33.33,"[30.0, 35.0[","[30.0, 40.0[","[20.9, 40.0[","[20.9, 49.52["
33.36,"[30.0, 35.0[","[30.0, 40.0[","[20.9, 40.0[","[20.9, 49.52["
33.41,"[30.0, 35.0[","[30.0, 40.0[","[20.9, 40.0[","[20.9, 49.52["
33.48,"[30.0, 35.0[","[30.0, 40.0[","[20.9, 40.0[","[20.9, 49.52["
33.49,"[30.0, 35.0[","[30.0, 40.0[","[20.9, 40.0[","[20.9, 49.52["
33.52,"[30.0, 35.0[","[30.0, 40.0[","[20.9, 40.0[","[20.9, 49.52["
33.53,"[30.0, 35.0[","[30.0, 40.0[","[20.9, 40.0[","[20.9, 49.52["
33.57,"[30.0, 35.0[","[30.0, 40.0[","[20.9, 40.0[","[20.9, 49.52["
33.6,"[30.0, 35.0[","[30.0, 40.0[","[20.9, 40.0[","[20.9, 49.52["
33.61,"[30.0, 35.0[","[30.0, 40.0[","[20.9, 40.0[","[20.9, 49.52["
33.67,"[30.0, 35.0[","[30.0, 40.0[","[20.9, 40.0[","[20.9, 49.52["
33.74,"[30.0, 35.0[","[30.0, 40.0[","[20.9, 40.0[","[20.9, 49.52["
33.75,"[30.0, 35.0[","[30.0, 40.0[","[20.9, 40.0[","[20.9, 49.52["
33.77,"[30.0, 35.0[","[30.0, 40.0[","[20.9, 40.0[","[20.9, 49.52["
33.85,"[30.0, 35.0[","[30.0, 40.0[","[20.9, 40.0[","[20.9, 49.52["
33.87,"[30.0, 35.0[","[30.0, 40.0[","[20.9, 40.0[","[20.9, 49.52["
33.9,"[30.0, 35.0[","[30.0, 40.0[","[20.9, 40.0[","[20.9, 49.52["
33.95,"[30.0, 35.0[","[30.0, 40.0[","[20.9, 40.0[","[20.9, 49.52["
33.98,"[30.0, 35.0[","[30.0, 40.0[","[20.9, 40.0[","[20.9, 49.52["
33.99,"[30.0, 35.0[","[30.0, 40.0[","[20.9, 40.0[","[20.9, 49.52["
34.07,"[30.0, 35.0[","[30.0, 40.0[","[20.9, 40.0[","[20.9, 49.52["
34.08,"[30.0, 35.0[","[30.0, 40.0[","[20.9, 40.0[","[20.9, 49.52["
34.14,"[30.0, 35.0[","[30.0, 40.0[","[20.9, 40.0[","[20.9, 49.52["
34.19,"[30.0, 35.0[","[30.0, 40.0[","[20.9, 40.0[","[20.9, 49.52["
34.23,"[30.0, 35.0[","[30.0, 40.0[","[20.9, 40.0[","[20.9, 49.52["
34.27,"[30.0, 35.0[","[30.0, 40.0[","[20.9, 40.0[","[20.9, 49.52["
34.3,"[30.0, 35.0[","[30.0, 40.0[","[20.9, 40.0[","[20.9, 49.52["
34.32,"[30.0, 35.0[","[30.0, 40.0[","[20.9, 40.0[","[20.9, 49.52["
34.39,"[30.0, 35.0[","[30.0, 40.0[","[20.9, 40.0[","[20.9, 49.52["
34.44,"[30.0, 35.0[","[30.0, 40.0[","[20.9, 40.0[","[20.9, 49.52["
34.47,"[30.0, 35.0[","[30.0, 40.0[","[20.9, 40.0[","[20.9, 49.52["
34.48,"[30.0, 35.0[","[30.0, 40.0[","[20.9, 40.0[","[20.9, 49.52["
34.51,"[30.0, 35.0[","[30.0, 40.0[","[20.9, 40.0[","[20.9, 49.52["
34.52,"[30.0, 35.0[","[30.0, 40.0[","[20.9, 40.0[","[20.9, 49.52["
34.65,"[30.0, 35.0[","[30.0, 40.0[","[20.9, 40.0[","[20.9, 49.52["
34.67,"[30.0, 35.0[","[30.0, 40.0[","[20.9, 40.0[","[20.9, 49.52["
34.68,"[30.0, 35.0[","[30.0, 40.0[","[20.9, 40.0[","[20.9, 49.52["
34.69,"[30.0, 35.0[","[30.0, 40.0[","[20.9, 40.0[","[20.9, 49.52["
34.71,"[30.0, 35.0[","[30.0, 40.0[","[20.9, 40.0[","[20.9, 49.52["
34.73,"[30.0, 35.0[","[30.0, 40.0[","[20.9, 40.0[","[20.9, 49.52["
34.74,"[30.0, 35.0[","[30.0, 40.0[","[20.9, 40.0[","[20.9, 49.52["
34.75,"[30.0, 35.0[","[30.0, 40.0[","[20.9, 40.0[","[20.9, 49.52["
34.85,"[30.0, 35.0[","[30.0, 40.0[","[20.9, 40.0[","[20.9, 49.52["
34.87,"[30.0, 35.0[","[30.0, 40.0[","[20.9, 40.0[","[20.9, 49.52["
34.88,"[30.0, 35.0[","[30.0, 40.0[","[20.9, 40.0[","[20.9, 49.52["
34.89,"[30.0, 35.0[","[30.0, 40.0[","[20.9, 40.0[","[20.9, 49.52["
34.93,"[30.0, 35.0[","[30.0, 40.0[","[20.9, 40.0[","[20.9, 49.52["
34.97,"[30.0, 35.0[","[30.0, 40.0[","[20.9, 40.0[","[20.9, 49.52["
35.02,"[35.0, 40.0[","[30.0, 40.0[","[20.9, 40.0[","[20.9, 49.52["
35.07,"[35.0, 40.0[","[30.0, 40.0[","[20.9, 40.0[","[20.9, 49.52["
35.12,"[35.0, 40.0[","[30.0, 40.0[","[20.9, 40.0[","[20.9, 49.52["
35.13,"[35.0, 40.0[","[30.0, 40.0[","[20.9, 40.0[","[20.9, 49.52["
35.16,"[35.0, 40.0[","[30.0, 40.0[","[20.9, 40.0[","[20.9, 49.52["
35.23,"[35.0, 40.0[","[30.0, 40.0[","[20.9, 40.0[","[20.9, 49.52["
35.25,"[35.0, 40.0[","[30.0, 40.0[","[20.9, 40.0[","[20.9, 49.52["
35.27,"[35.0, 40.0[","[30.0, 40.0[","[20.9, 40.0[","[20.9, 49.52["
35.35,"[35.0, 40.0[","[30.0, 40.0[","[20.9, 40.0[","[20.9, 49.52["
35.43,"[35.0, 40.0[","[30.0, 40.0[","[20.9, 40.0[","[20.9, 49.52["
35.49,"[35.0, 40.0[","[30.0, 40.0[","[20.9, 40.0[","[20.9, 49.52["
35.5,"[35.0, 40.0[","[30.0, 40.0[","[20.9, 40.0[","[20.9, 49.52["
35.54,"[35.0, 40.0[","[30.0, 40.0[","[20.9, 40.0[","[20.9, 49.52["
35.55,"[35.0, 40.0[","[30.0, 40.0[","[20.9, 40.0[","[20.9, 49.52["
35.6,"[35.0, 40.0[","[30.0, 40.0[","[20.9, 40.0[","[20.9, 49.52["
35.66,"[35.0, 40.0[","[30.0, 40.0[","[20.9, 40.0[","[20.9, 49.52["
35.67,"[35.0, 40.0[","[30.0, 40.0[","[20.9, 40.0[","[20.9, 49.52["
35.71,"[35.0, 40.0[","[30.0, 40.0[","[20.9, 40.0[","[20.9, 49.52["
35.72,"[35.0, 40.0[","[30.0, 40.0[","[20.9, 40.0[","[20.9, 49.52["
35.82,"[35.0, 40.0[","[30.0, 40.0[","[20.9, 40.0[","[20.9, 49.52["
35.88,"[35.0, 40.0[","[30.0, 40.0[","[20.9, 40.0[","[20.9, 49.52["
36.03,"[35.0, 40.0[","[30.0, 40.0[","[20.9, 40.0[","[20.9, 49.52["
36.11,"[35.0, 40.0[","[30.0, 40.0[","[20.9, 40.0[","[20.9, 49.52["
36.13,"[35.0, 40.0[","[30.0, 40.0[","[20.9, 40.0[","[20.9, 49.52["
36.14,"[35.0, 40.0[","[30.0, 40.0[","[20.9, 40.0[","[20.9, 49.52["
36.24,"[35.0, 40.0[","[30.0, 40.0[","[20.9, 40.0[","[20.9, 49.52["
36.32,"[35.0, 40.0[","[30.0, 40.0[","[20.9, 40.0[","[20.9, 49.52["
36.33,"[35.0, 40.0[","[30.0, 40.0[","[20.9, 40.0[","[20.9, 49.52["
36.37,"[35.0, 40.0[","[30.0, 40.0[","[20.9, 40.0[","[20.9, 49.52["
36.38,"[35.0, 40.0[","[30.0, 40.0[","[20.9, 40.0[","[20.9, 49.52["
36.39,"[35.0, 40.0[","[30.0, 40.0[","[20.9, 40.0[","[20.9, 49.52["
36.4,"[35.0, 40.0[","[30.0, 40.0[","[20.9, 40.0[","[20.9, 49.52["
36.47,"[35.0, 40.0[","[30.0, 40.0[","[20.9, 40.0[","[20.9, 49.52["
36.51,"[35.0, 40.0[","[30.0, 40.0[","[20.9, 40.0[","[20.9, 49.52["
36.53,"[35.0, 40.0[","[30.0, 40.0[","[20.9, 40.0[","[20.9, 49.52["
36.67,"[35.0, 40.0[","[30.0, 40.0[","[20.9, 40.0[","[20.9, 49.52["
36.68,"[35.0, 40.0[","[30.0, 40.0[","[20.9, 40.0[","[20.9, 49.52["
36.78,"[35.0, 40.0[","[30.0, 40.0[","[20.9, 40.0[","[20.9, 49.52["
36.88,"[35.0, 40.0[","[30.0, 40.0[","[20.9, 40.0[","[20.9, 49.52["
36.91,"[35.0, 40.0[","[30.0, 40.0[","[20.9, 40.0[","[20.9, 49.52["
37.04,"[35.0, 40.0[","[30.0, 40.0[","[20.9, 40.0[","[20.9, 49.52["
37.1,"[35.0, 40.0[","[30.0, 40.0[","[20.9, 40.0[","[20.9, 49.52["
37.16,"[35.0, 40.0[","[30.0, 40.0[","[20.9, 40.0[","[20.9, 49.52["
37.21,"[35.0, 40.0[","[30.0, 40.0[","[20.9, 40.0[","[20.9, 49.52["
37.25,"[35.0, 40.0[","[30.0, 40.0[","[20.9, 40.0[","[20.9, 49.52["
37.27,"[35.0, 40.0[","[30.0, 40.0[","[20.9, 40.0[","[20.9, 49.52["
37.3,"[35.0, 40.0[","[30.0, 40.0[","[20.9, 40.0[","[20.9, 49.52["
37.34,"[35.0, 40.0[","[30.0, 40.0[","[20.9, 40.0[","[20.9, 49.52["
37.36,"[35.0, 40.0[","[30.0, 40.0[","[20.9, 40.0[","[20.9, 49.52["
37.38,"[35.0, 40.0[","[30.0, 40.0[","[20.9, 40.0[","[20.9, 49.52["
37.39,"[35.0, 40.0[","[30.0, 40.0[","[20.9, 40.0[","[20.9, 49.52["
37.43,"[35.0, 40.0[","[30.0, 40.0[","[20.9, 40.0[","[20.9, 49.52["
37.66,"[35.0, 40.0[","[30.0, 40.0[","[20.9, 40.0[","[20.9, 49.52["
37.68,"[35.0, 40.0[","[30.0, 40.0[","[20.9, 40.0[","[20.9, 49.52["
37.74,"[35.0, 40.0[","[30.0, 40.0[","[20.9, 40.0[","[20.9, 49.52["
37.88,"[35.0, 40.0[","[30.0, 40.0[","[20.9, 40.0[","[20.9, 49.52["
38.06,"[35.0, 40.0[","[30.0, 40.0[","[20.9, 40.0[","[20.9, 49.52["
38.11,"[35.0, 40.0[","[30.0, 40.0[","[20.9, 40.0[","[20.9, 49.52["
38.23,"[35.0, 40.0[","[30.0, 40.0[","[20.9, 40.0[","[20.9, 49.52["
38.28,"[35.0, 40.0[","[30.0, 40.0[","[20.9, 40.0[","[20.9, 49.52["
38.3,"[35.0, 40.0[","[30.0, 40.0[","[20.9, 40.0[","[20.9, 49.52["
38.31,"[35.0, 40.0[","[30.0, 40.0[","[20.9, 40.0[","[20.9, 49.52["
38.43,"[35.0, 40.0[","[30.0, 40.0[","[20.9, 40.0[","[20.9, 49.52["
38.49,"[35.0, 40.0[","[30.0, 40.0[","[20.9, 40.0[","[20.9, 49.52["
38.76,"[35.0, 40.0[","[30.0, 40.0[","[20.9, 40.0[","[20.9, 49.52["
38.85,"[35.0, 40.0[","[30.0, 40.0[","[20.9, 40.0[","[20.9, 49.52["
38.98,"[35.0, 40.0[","[30.0, 40.0[","[20.9, 40.0[","[20.9, 49.52["
39.25,"[35.0, 40.0[","[30.0, 40.0[","[20.9, 40.0[","[20.9, 49.52["
39.28,"[35.0, 40.0[","[30.0, 40.0[","[20.9, 40.0[","[20.9, 49.52["
39.38,"[35.0, 40.0[","[30.0, 40.0[","[20.9, 40.0[","[20.9, 49.52["
39.49,"[35.0, 40.0[","[30.0, 40.0[","[20.9, 40.0[","[20.9, 49.52["
39.75,"[35.0, 40.0[","[30.0, 40.0[","[20.9, 40.0[","[20.9, 49.52["
39.79,"[35.0, 40.0[","[30.0, 40.0[","[20.9, 40.0[","[20.9, 49.52["
39.85,"[35.0, 40.0[","[30.0, 40.0[","[20.9, 40.0[","[20.9, 49.52["
40.29,"[40.0, 45.0[","[40.0, 49.52[","[40.0, 49.52[","[20.9, 49.52["
40.53,"[40.0, 45.0[","[40.0, 49.52[","[40.0, 49.52[","[20.9, 49.52["
40.58,"[40.0, 45.0[","[40.0, 49.52[","[40.0, 49.52[","[20.9, 49.52["
40.66,"[40.0, 45.0[","[40.0, 49.52[","[40.0, 49.52[","[20.9, 49.52["
40.68,"[40.0, 45.0[","[40.0, 49.52[","[40.0, 49.52[","[20.9, 49.52["
40.77,"[40.0, 45.0[","[40.0, 49.52[","[40.0, 49.52[","[20.9, 49.52["
40.88,"[40.0, 45.0[","[40.0, 49.52[","[40.0, 49.52[","[20.9, 49.52["
40.93,"[40.0, 45.0[","[40.0, 49.52[","[40.0, 49.52[","[20.9, 49.52["
40.97,"[40.0, 45.0[","[40.0, 49.52[","[40.0, 49.52[","[20.9, 49.52["
41.21,"[40.0, 45.0[","[40.0, 49.52[","[40.0, 49.52[","[20.9, 49.52["
42.3,"[40.0, 45.0[","[40.0, 49.52[","[40.0, 49.52[","[20.9, 49.52["
42.6,"[40.0, 45.0[","[40.0, 49.52[","[40.0, 49.52[","[20.9, 49.52["
43.47,"[40.0, 45.0[","[40.0, 49.52[","[40.0, 49.52[","[20.9, 49.52["
44.28,"[40.0, 45.0[","[40.0, 49.52[","[40.0, 49.52[","[20.9, 49.52["
48.52,"[45.0, 49.52[","[40.0, 49.52[","[40.0, 49.52[","[20.9, 49.52["
